{"cameraMode":{"drawMode":0,"name":"Shaded","section":"Shading Mode"},"sceneLighting":false,"audioPlay":false,"sceneViewState":{"m_AlwaysRefresh":false,"showFog":false,"showSkybox":false,"showFlares":false,"showImageEffects":false,"showParticleSystems":false,"showVisualEffectGraphs":true,"m_FxEnabled":true},"in2DMode":false,"pivot":{"x":5.21540641784668e-8,"y":1.403064489364624,"z":-0.010639473795890808},"rotation":{"x":0.040864359587430957,"y":0.9404768347740173,"z":-0.3146018087863922,"w":0.1222236305475235},"size":0.15191183984279633,"orthographic":false}