{"cameraMode":{"drawMode":0,"name":"Shaded","section":"Shading Mode"},"sceneLighting":true,"audioPlay":false,"sceneViewState":{"showFog":true,"showMaterialUpdate":false,"showSkybox":true,"showFlares":true,"showImageEffects":true,"showParticleSystems":true,"showVisualEffectGraphs":true,"m_FxEnabled":true},"in2DMode":false,"pivot":{"x":39.919654846191409,"y":8.849102973937989,"z":29.02130126953125},"rotation":{"x":0.16203971207141877,"y":0.16143588721752168,"z":-0.026900138705968858,"w":0.9731562733650208},"size":2.5495951175689699,"orthographic":true}