{"cameraMode":{"drawMode":0,"name":"Shaded","section":"Shading Mode"},"sceneLighting":true,"audioPlay":false,"sceneViewState":{"m_AlwaysRefresh":false,"showFog":true,"showSkybox":true,"showFlares":true,"showImageEffects":true,"showParticleSystems":true,"showVisualEffectGraphs":true,"m_FxEnabled":true},"in2DMode":false,"pivot":{"x":10.932741165161133,"y":8.402681350708008,"z":0.13260582089424134},"rotation":{"x":-0.02195385843515396,"y":-0.21865339577198029,"z":0.004919561091810465,"w":-0.9755446910858154},"size":1.4519305229187012,"orthographic":true}